message_id,tag_id
881,3
292,1
573,1
545,3
8,2
357,1
353,4
168,2
967,1
426,2
3,4
565,4
448,3
214,4
785,1
606,1
834,1
272,2
755,1
611,4
340,4
457,2
345,4
153,2
309,2
333,3
438,4
511,3
680,2
634,1
8,4
743,4
631,2
676,3
3,2
535,3
643,2
80,3
992,4
341,2
686,2
166,1
633,3
960,2
922,2
379,2
413,4
180,4
665,1
427,1
752,2
900,1
99,1
607,2
246,3
671,3
124,2
214,3
391,2
294,4
852,4
734,2
182,4
68,4
517,4
984,2
167,4
61,1
379,2
971,2
105,4
43,3
204,3
394,2
751,2
229,2
312,1
797,2
397,1
704,4
450,3
790,4
632,2
944,2
854,1
167,2
472,4
588,2
676,1
346,3
945,2
116,3
109,2
559,1
842,1
935,4
236,2
639,3
978,3
743,2
358,2
160,4
161,3
763,1
18,2
787,1
999,3
746,3
121,3
786,1
427,2
861,2
144,3
109,1
748,2
417,3
63,1
839,2
279,3
145,1
791,4
369,3
967,3
533,2
84,4
645,3
20,1
925,2
648,1
51,1
752,4
991,3
212,1
123,1
419,3
227,1
457,3
686,3
88,1
268,3
91,4
382,2
146,3
655,2
787,1
85,3
129,1
146,1
113,1
687,4
143,4
476,1
209,1
31,2
53,1
100,3
286,3
689,3
915,4
683,3
6,2
224,1
681,4
659,1
195,3
926,1
291,4
27,3
812,3
470,4
759,2
779,1
811,4
867,2
842,3
739,3
261,1
506,2
791,3
43,2
281,3
791,1
471,3
6,1
477,4
203,2
209,4
884,3
715,4
532,2
173,3
266,4
780,3
532,4
581,3
784,3
741,3
787,4
994,1
174,1
344,1
549,1
71,3
445,4
619,4
61,3
6,3
891,4
917,1
64,3
886,1
401,4
271,4
237,3
845,4
632,3
584,2
646,3
943,4
525,4
995,2
146,1
398,3
534,2
611,4
686,3
258,2
151,1
199,2
801,3
773,4
175,4
497,3
247,1
116,4
131,3
145,1
924,3
549,3
328,2
312,4
981,4
417,2
26,1
719,4
315,4
362,2
345,3
419,4
440,3
603,1
212,4
345,4
224,4
612,3
591,2
549,1
546,2
503,4
578,2
108,2
149,1
509,2
745,2
888,1
190,3
621,2
100,4
998,4
798,3
527,2
701,2
466,1
193,3
399,3
910,4
372,1
23,2
641,3
665,2
432,4
242,4
648,2
848,3
656,2
834,4
708,4
913,3
466,2
149,1
77,3
37,3
793,2
320,1
597,4
720,2
509,1
506,1
207,4
499,2
120,3
393,4
231,1
502,2
735,3
343,3
198,3
747,2
551,1
980,3
51,1
906,3
160,3
258,4
355,3
354,3
553,2
957,1
819,3
202,3
656,4
177,4
49,3
541,3
618,1
58,3
89,2
682,1
750,2
174,2
262,3
748,2
59,2
285,4
423,1
151,2
217,4
540,2
742,3
328,4
974,1
634,1
602,1
810,2
428,2
180,1
479,3
372,3
447,2
157,1
29,3
828,1
39,2
140,1
337,4
759,3
566,1
810,3
658,2
19,3
543,2
635,4
992,1
249,4
923,4
449,1
100,1
813,2
169,3
818,1
817,2
955,3
186,4
263,4
22,2
315,3
100,3
756,3
152,3
497,2
134,1
243,3
155,3
825,1
622,3
42,1
519,4
580,1
933,3
175,1
136,3
549,4
152,2
393,3
257,1
821,4
50,4
437,1
344,3
367,2
779,4
269,4
426,4
563,4
816,4
39,3
684,3
235,3
300,1
823,1
720,4
93,2
312,4
98,3
712,4
877,3
924,4
42,1
864,2
471,2
755,2
375,3
823,3
703,4
867,3
219,4
672,2
550,2
639,2
343,3
45,2
739,1
47,1
642,4
4,4
340,1
346,1
858,2
635,1
982,4
431,3
513,3
589,4
137,2
316,4
860,4
260,1
29,4
550,2
739,1
872,4
161,2
11,2
961,2
492,2
878,3
437,3
526,1
782,4
750,2
934,2
685,2
835,3
859,4
424,2
893,1
431,2
465,2
11,3
162,4
210,4
992,4
495,4
93,1
853,3
393,1
642,4
549,4
187,4
116,2
677,2
573,3
751,2
253,2
78,3
114,3
538,4
197,1
663,1
281,3
978,2
556,2
610,1
566,4
745,4
733,1
474,1
81,4
611,1
912,3
123,2
182,2
198,1
5,4
267,4
479,2
666,3
849,2
589,1
520,1
252,4
526,2
312,4
965,1
819,4
344,2
661,1
891,4
809,2
610,4
502,4
534,3
846,4
551,1
32,4
365,3
453,1
111,3
854,1
131,2
174,4
696,3
387,2
387,4
665,4
892,2
93,4
739,3
619,1
782,3
269,4
966,4
757,4
17,4
114,3
295,3
650,4
779,3
275,1
483,2
864,3
20,4
367,1
444,4
694,3
446,2
697,2
476,4
26,2
984,1
413,2
449,3
69,4
303,1
929,3
768,4
726,2
278,4
979,1
610,1
435,4
794,3
804,3
717,4
232,2
246,2
686,4
494,3
346,4
862,4
169,4
342,1
884,2
377,2
698,3
911,1
986,4
436,1
216,4
936,1
509,3
432,1
895,3
418,4
599,2
137,4
458,1
748,2
579,2
17,2
43,3
175,1
619,2
752,3
266,2
665,1
573,4
269,1
231,4
714,1
321,1
603,2
215,1
802,1
812,1
80,3
202,1
939,2
874,2
817,4
267,4
433,4
821,1
784,2
924,3
939,4
235,1
168,1
932,3
662,4
962,2
837,2
2,4
939,2
744,2
767,1
158,1
329,1
680,1
979,2
731,3
479,4
953,1
375,4
14,3
584,3
850,3
652,3
830,1
291,2
274,3
83,1
52,1
82,3
730,4
15,2
79,3
574,1
826,2
595,3
837,2
949,4
224,2
535,3
562,3
482,3
31,4
532,1
961,1
599,4
3,1
641,3
553,2
512,4
509,3
378,2
395,4
758,3
753,3
308,3
469,4
949,4
967,4
508,4
963,2
859,4
250,3
750,1
54,3
116,1
56,3
677,4
200,2
582,3
334,4
845,1
356,2
543,1
922,3
82,4
836,1
199,1
463,1
825,3
680,1
225,4
942,4
55,4
127,2
955,2
156,2
942,2
676,4
378,2
450,2
421,2
80,4
738,2
400,2
893,4
547,2
314,1
565,1
809,1
101,4
414,1
298,2
158,1
414,3
874,1
963,1
6,3
778,4
543,4
152,3
427,1
800,1
454,3
162,4
909,3
503,2
198,2
866,3
746,3
122,2
257,4
594,4
993,2
853,3
380,4
240,3
5,4
131,1
263,3
185,3
577,4
731,4
183,4
895,2
54,3
982,2
553,1
968,4
279,1
692,2
745,2
773,3
978,3
53,3
278,4
776,4
285,4
378,2
596,3
759,1
841,1
590,4
879,3
984,3
190,4
54,1
847,3
168,2
114,4
517,2
806,1
631,2
658,4
793,4
337,4
834,2
640,1
684,4
349,1
557,4
1000,4
366,1
451,4
497,4
78,2
345,1
730,3
709,4
438,4
83,3
30,3
33,4
207,2
110,2
440,3
596,3
688,3
143,1
931,4
303,3
343,2
672,4
657,1
634,4
778,3
27,2
755,4
957,1
786,4
314,1
839,3
804,2
882,1
802,1
128,2
475,3
62,1
602,4
668,3
593,4
623,2
757,4
82,4
999,1
586,4
93,2
168,1
565,2
46,3
792,4
255,3
45,4
386,4
107,1
392,4
163,4
52,4
795,1
544,1
301,4
79,3
599,1
965,4
780,3
31,3
699,1
748,1
668,4
527,1
941,4
608,3
637,2
780,4
947,3
198,2
444,3
193,3
600,3
229,2
770,4
469,4
64,1
159,3
993,2
634,1
641,3
113,4
994,1
210,1
50,4
640,2
354,1
326,2
332,3
432,2
520,2
986,1
863,2
247,2
334,4
142,4
14,4
801,4
210,3
115,4
773,1
122,1
189,2
577,1
192,3
246,1
97,1
127,1
95,1
463,3
40,2
407,3
350,4
909,1
8,3
966,3
33,2
34,3
12,2
142,2
529,2
800,1
37,4
704,1
485,4
121,3
467,1
822,1
494,4
93,4
892,1
14,3
13,2
959,4
950,1
126,3
781,4
441,2
175,1
547,1
97,3
162,3
430,3
209,4
629,4
468,2
748,4
440,4
793,4
151,4
653,2
307,1
329,2
203,1
562,2
612,2
37,2
943,3
566,1
504,4
770,4
750,1
628,1
301,2
60,2
156,2
497,3
546,1
579,3
31,2
894,3
251,2
676,1
173,4
220,4
340,4
16,2
860,2
896,4
861,1
202,3
924,1
727,1
393,3
808,3
66,4
627,1
18,1
863,2
518,3
842,3
48,3
444,4
446,2
581,2
344,4
511,3
507,2
736,3
256,2
