# ************************************************************
# Sequel Pro SQL dump
# Version 4541
#
# http://www.sequelpro.com/
# https://github.com/sequelpro/sequelpro
#
# Host: 127.0.0.1 (MySQL 5.7.23)
# Database: arteair
# Generation Time: 2019-11-21 18:39:14 +0000
# ************************************************************


/*!40101 SET @OLD_CHARACTER_SET_CLIENT=@@CHARACTER_SET_CLIENT */;
/*!40101 SET @OLD_CHARACTER_SET_RESULTS=@@CHARACTER_SET_RESULTS */;
/*!40101 SET @OLD_COLLATION_CONNECTION=@@COLLATION_CONNECTION */;
/*!40101 SET NAMES utf8 */;
/*!40014 SET @OLD_FOREIGN_KEY_CHECKS=@@FOREIGN_KEY_CHECKS, FOREIGN_KEY_CHECKS=0 */;
/*!40101 SET @OLD_SQL_MODE=@@SQL_MODE, SQL_MODE='NO_AUTO_VALUE_ON_ZERO' */;
/*!40111 SET @OLD_SQL_NOTES=@@SQL_NOTES, SQL_NOTES=0 */;


# Dump of table aircraft
# ------------------------------------------------------------

DROP TABLE IF EXISTS `aircraft`;

CREATE TABLE `aircraft` (
  `aircraft_id` int(11) unsigned NOT NULL AUTO_INCREMENT,
  `aircraft_code` varchar(10) DEFAULT NULL,
  `model` varchar(256) DEFAULT NULL,
  `year` int(11) DEFAULT NULL,
  `rows` int(11) DEFAULT NULL,
  `row_layout` varchar(25) DEFAULT NULL,
  PRIMARY KEY (`aircraft_id`)
) ENGINE=InnoDB DEFAULT CHARSET=utf8;

LOCK TABLES `aircraft` WRITE;
/*!40000 ALTER TABLE `aircraft` DISABLE KEYS */;

INSERT INTO `aircraft` (`aircraft_id`, `aircraft_code`, `model`, `year`, `rows`, `row_layout`)
VALUES
	(1,'777-31H','Boeing 777',2005,30,'ABC_DEF'),
	(2,'OO-JAA','Boeing 737-800 Next Generation',2010,40,'AB_CDE_FG'),
	(3,'DC10','Douglas DC-10',2014,40,'ABC_DEFG_HIJ'),
	(4,'OO-JEB','Embraer E-Jet E190',2017,40,'ABC_DEF'),
	(5,'OO-LOE','Boeing 787-8 Dreamliner',2010,40,'ABC_DEFG_HIJ'),
	(6,'KM-33A','Airbus A330-200',2005,30,'ABC_DEF'),
	(7,'EMBR-22','Embraer 190',2009,40,'ABC_DEFG_HIJ'),
	(8,'BA-A319-2','Airbus A319',2005,30,'ABC_DEF'),
	(9,'B787-10','B787-10 Dreamliner',2007,30,'ABC_DEF'),
	(10,'DC15','Douglas DC-15',2013,40,'ABC_DEFG_HIJ');

/*!40000 ALTER TABLE `aircraft` ENABLE KEYS */;
UNLOCK TABLES;


# Dump of table airport
# ------------------------------------------------------------

DROP TABLE IF EXISTS `airport`;

CREATE TABLE `airport` (
  `airport_id` int(11) unsigned NOT NULL AUTO_INCREMENT,
  `airport_code` varchar(20) DEFAULT NULL,
  `name` varchar(256) DEFAULT NULL,
  `country` varchar(4) DEFAULT NULL,
  `location` varchar(256) DEFAULT NULL,
  PRIMARY KEY (`airport_id`)
) ENGINE=InnoDB DEFAULT CHARSET=utf8;

LOCK TABLES `airport` WRITE;
/*!40000 ALTER TABLE `airport` DISABLE KEYS */;

INSERT INTO `airport` (`airport_id`, `airport_code`, `name`, `country`, `location`)
VALUES
	(1,'BRU','Brussels','BEL','Brussel'),
	(2,'CRL','Brussels South Charleroi','BEL','Charleroi'),
	(3,'IBZ','Ibiza','ESP','Ibiza'),
	(4,'FCO','Leonardo da Vinci–Fiumicino','ITA','Rome'),
	(5,'BCN','Barcelona Airport - El Prat','ESP','Barcelona'),
	(6,'ABA','ABAKAN INTERNATIONAL AIRPORT','RUS','Abakan'),
	(7,'AEP','AEroParque Jorge Newbery','ARG','Buenos Aires'),
	(8,'CKG','Chongqing Jiangbei International','CHN','CHONGQING'),
	(9,'EAS','AEROPUERTO DE SAN SEBASTIÁN','ESP','Hondarribia'),
	(10,'KNO','Kualanamu International','IDN','Medan');

/*!40000 ALTER TABLE `airport` ENABLE KEYS */;
UNLOCK TABLES;


# Dump of table flight
# ------------------------------------------------------------

DROP TABLE IF EXISTS `flight`;

CREATE TABLE `flight` (
  `flight_id` int(11) unsigned NOT NULL AUTO_INCREMENT,
  `flight_date` datetime DEFAULT NULL,
  `from` int(11) DEFAULT NULL,
  `to` int(11) DEFAULT NULL,
  `aircraft_id` int(11) DEFAULT NULL,
  `ticket_price` float DEFAULT NULL,
  PRIMARY KEY (`flight_id`)
) ENGINE=InnoDB DEFAULT CHARSET=utf8;

LOCK TABLES `flight` WRITE;
/*!40000 ALTER TABLE `flight` DISABLE KEYS */;

INSERT INTO `flight` (`flight_id`, `flight_date`, `from`, `to`, `aircraft_id`, `ticket_price`)
VALUES
	(1,'2019-09-02 06:25:00',1,4,1,249.5),
	(2,'2019-09-02 07:15:00',1,5,2,320),
	(3,'2019-10-04 14:30:00',4,2,2,75.99),
	(4,'2019-11-10 08:59:20',7,6,6,56.79),
	(5,'2019-10-12 16:05:19',4,1,5,105.65),
	(6,'2019-06-09 20:19:36',7,5,6,97.17),
	(7,'2019-06-02 00:24:28',2,3,1,198.14),
	(8,'2019-04-05 01:08:02',5,6,2,131.48),
	(9,'2019-05-12 14:34:29',4,5,2,161.84),
	(10,'2019-08-18 22:57:50',6,6,1,81.61),
	(11,'2019-02-22 08:09:58',7,2,2,47.55),
	(12,'2019-04-20 05:54:56',6,5,5,74.2),
	(13,'2019-02-23 15:37:42',8,6,5,92.31),
	(14,'2020-08-03 18:35:57',9,6,10,36.56),
	(15,'2020-06-03 02:18:34',9,9,1,104.65),
	(16,'2020-10-21 13:28:46',6,6,8,96.44),
	(17,'2020-06-10 20:54:37',4,1,9,144.25),
	(18,'2020-09-02 18:04:00',10,1,9,88.9),
	(19,'2020-09-14 01:21:37',5,4,5,107.49),
	(20,'2020-11-19 23:29:26',6,8,2,84.81),
	(21,'2020-06-16 18:30:42',4,3,1,167.59),
	(22,'2020-06-20 06:08:30',2,3,5,117.35),
	(23,'2020-10-24 19:19:46',10,8,10,136.01),
	(24,'2020-06-01 04:21:58',3,9,4,41.74),
	(25,'2020-02-17 08:24:47',2,2,4,107.82),
	(26,'2020-11-01 08:12:09',6,7,9,46.14),
	(27,'2020-02-10 18:07:24',3,3,10,125.97),
	(28,'2020-01-15 03:48:23',6,6,10,116.58),
	(29,'2020-11-03 00:42:19',9,4,9,26.19),
	(30,'2019-12-25 05:18:15',9,4,4,198.99),
	(31,'2020-06-05 07:33:30',4,8,4,41.49),
	(32,'2020-09-07 14:04:31',6,4,6,153.8),
	(33,'2020-01-09 06:43:51',10,7,3,148.78),
	(34,'2020-08-13 13:09:45',10,3,6,111.9),
	(35,'2020-04-13 02:30:07',4,9,2,161.37),
	(36,'2020-07-25 23:00:29',1,2,1,144.98),
	(37,'2020-03-10 00:53:09',3,5,8,126.46),
	(38,'2020-01-31 01:46:30',7,2,5,124.2),
	(39,'2020-06-11 23:58:50',8,10,4,84.12),
	(40,'2020-04-22 17:50:20',4,1,1,92.6),
	(41,'2020-03-20 09:45:47',3,6,2,156.43),
	(42,'2020-07-17 13:20:38',4,8,7,27.44),
	(43,'2019-12-01 05:42:03',10,3,9,110.87),
	(44,'2019-12-27 15:40:55',5,10,9,126.17),
	(45,'2020-09-17 08:42:48',8,9,7,126.38),
	(46,'2020-07-24 22:44:12',10,5,8,39.1),
	(47,'2020-06-05 07:19:44',7,4,9,125.78),
	(48,'2020-11-20 11:05:36',9,6,5,32.84),
	(49,'2020-10-30 14:27:40',7,3,4,55.96),
	(50,'2020-01-22 19:35:41',9,2,4,83.83),
	(51,'2020-10-22 17:21:31',2,7,4,95.37),
	(52,'2020-10-25 06:15:12',9,3,8,194.9),
	(53,'2020-10-24 11:48:00',2,8,10,82.34),
	(54,'2020-06-13 06:54:21',5,10,2,122.88),
	(55,'2020-05-05 18:50:28',8,4,2,27),
	(56,'2020-08-16 02:44:48',9,10,4,112.1),
	(57,'2020-10-15 21:32:53',7,8,4,40.88),
	(58,'2020-08-22 23:32:16',5,5,1,59.78),
	(59,'2020-10-19 14:13:55',6,8,9,166.12),
	(60,'2020-08-15 03:02:14',6,3,7,49.85),
	(61,'2020-02-26 19:55:36',4,10,4,67.85),
	(62,'2020-08-02 06:34:10',7,5,7,69.85),
	(63,'2020-08-07 19:02:51',4,7,6,177.4),
	(64,'2020-06-05 03:43:02',6,6,6,199.14),
	(65,'2020-02-07 22:37:25',2,2,4,121.9),
	(66,'2020-04-17 21:40:48',8,10,3,51.08),
	(67,'2020-03-24 04:27:16',4,6,6,60.33),
	(68,'2020-10-23 01:02:30',2,4,4,87.23),
	(69,'2020-01-14 00:48:02',5,6,7,27.32),
	(70,'2020-09-18 09:57:12',2,1,4,176.33),
	(71,'2020-07-29 05:41:00',10,1,5,90.32),
	(72,'2020-10-01 22:51:25',4,7,8,46.8),
	(73,'2020-07-10 10:35:29',1,9,2,169.91),
	(74,'2020-04-03 23:35:52',10,3,7,94.17),
	(75,'2020-03-07 16:37:03',6,8,10,120.17),
	(76,'2020-07-21 03:44:08',4,5,9,150.5),
	(77,'2020-08-09 19:07:46',9,6,10,165.19),
	(78,'2020-08-14 12:36:21',7,3,6,77.58),
	(79,'2020-03-12 20:42:05',7,9,6,172.71),
	(80,'2019-12-17 12:43:24',4,3,4,130.87),
	(81,'2020-06-26 06:24:44',7,10,10,199.84),
	(82,'2020-04-15 17:44:30',1,6,6,52.21),
	(83,'2020-02-07 03:18:45',2,7,8,185.65),
	(84,'2020-07-18 19:49:35',4,1,9,126.44),
	(85,'2019-12-21 06:45:06',2,9,6,121.04),
	(86,'2020-07-22 07:53:24',8,9,7,109.8),
	(87,'2020-03-12 13:56:47',3,4,7,25.64),
	(88,'2020-11-16 00:58:13',10,3,1,79.29),
	(89,'2020-04-14 00:46:04',9,9,3,88.31),
	(90,'2020-09-11 21:28:15',9,9,8,144.77),
	(91,'2020-04-01 21:53:14',6,5,3,180.19),
	(92,'2019-12-02 22:21:09',8,9,10,141.52),
	(93,'2020-04-09 23:22:09',1,7,5,196.68),
	(94,'2020-02-20 02:23:22',8,5,5,169.05),
	(95,'2020-06-16 12:03:21',4,8,8,157.66),
	(96,'2019-12-07 04:15:19',4,1,8,121.91),
	(97,'2019-12-22 00:59:36',8,8,10,46.59),
	(98,'2020-10-05 19:25:22',7,6,8,44.97),
	(99,'2020-01-12 12:31:31',10,3,2,138.73),
	(100,'2020-04-03 15:32:31',10,7,4,192.5),
	(101,'2020-10-30 08:17:17',7,7,6,27.5),
	(102,'2020-10-23 08:28:32',10,6,4,26.01),
	(103,'2020-02-10 03:46:10',1,10,8,37.84),
	(104,'2020-10-18 00:03:48',8,4,4,77.61),
	(105,'2020-01-27 02:29:53',3,8,1,57.11),
	(106,'2020-02-04 08:01:35',8,7,3,63.59),
	(107,'2020-03-17 14:32:43',10,5,3,94.17),
	(108,'2020-06-04 11:05:19',6,10,7,138.99),
	(109,'2020-05-23 05:32:38',3,7,6,191.54),
	(110,'2020-06-04 14:33:50',6,5,9,183.65),
	(111,'2020-08-07 07:19:34',10,3,9,112.44),
	(112,'2020-08-10 19:46:19',1,3,1,183.87),
	(113,'2020-08-25 00:34:42',3,1,9,119.12);

/*!40000 ALTER TABLE `flight` ENABLE KEYS */;
UNLOCK TABLES;


# Dump of table orders
# ------------------------------------------------------------

DROP TABLE IF EXISTS `orders`;

CREATE TABLE `orders` (
  `order_id` int(11) unsigned NOT NULL AUTO_INCREMENT,
  `firstname` varchar(128) DEFAULT NULL,
  `lastname` varchar(128) DEFAULT NULL,
  `email` varchar(128) DEFAULT NULL,
  `order_date` datetime DEFAULT NULL,
  PRIMARY KEY (`order_id`)
) ENGINE=InnoDB DEFAULT CHARSET=utf8;

LOCK TABLES `orders` WRITE;
/*!40000 ALTER TABLE `orders` DISABLE KEYS */;

INSERT INTO `orders` (`order_id`, `firstname`, `lastname`, `email`, `order_date`)
VALUES
	(1,'Dieter','De Weirdt','dieter@deweirdt.be','2018-12-05 21:00:00'),
	(2,'Silvester','Hawkshaw','shawkshaw0@tumblr.com','2019-07-22 00:01:53'),
	(3,'Frazier','Ackers','fackers1@altervista.org','2019-07-09 14:48:06'),
	(4,'Kellen','Dran','kdran2@plala.or.jp','2019-06-11 18:10:34'),
	(5,'Krisha','Simmins','ksimmins3@house.gov','2019-10-27 11:25:39'),
	(6,'Torie','Cromar','tcromar4@slashdot.org','2019-09-11 16:52:16'),
	(7,'Nikolaus','Weepers','nweepers5@163.com','2019-08-26 11:32:10'),
	(8,'Nicholle','Heiss','nheiss6@google.co.uk','2019-04-18 15:45:53'),
	(9,'Karylin','Freiburger','kfreiburger7@webmd.com','2019-09-25 16:56:31'),
	(10,'Jilleen','Hornbuckle','jhornbuckle8@huffingtonpost.com','2019-04-21 18:06:59'),
	(11,'Cleveland','Treeby','ctreeby9@addtoany.com','2019-02-18 20:10:59'),
	(12,'Abba','Littell','alittella@hubpages.com','2019-03-15 04:31:32'),
	(13,'Fayth','Pargiter','fpargiterb@nbcnews.com','2019-09-21 13:59:55'),
	(14,'Terri-jo','Kalaher','tkalaherc@example.com','2019-06-28 17:27:32'),
	(15,'Lulu','Davers','ldaversd@geocities.jp','2019-06-01 18:47:27'),
	(16,'Booth','Sobey','bsobeye@earthlink.net','2019-07-30 22:50:56'),
	(17,'Aymer','Pichan','apichanf@harvard.edu','2019-04-29 08:54:29'),
	(18,'Kristien','Janaszkiewicz','kjanaszkiewiczg@instagram.com','2019-07-14 05:18:21'),
	(19,'Marlyn','Lundbech','mlundbechh@yandex.ru','2019-09-15 14:28:06'),
	(20,'Lianne','Buggs','lbuggsi@google.pl','2019-07-19 00:54:52'),
	(21,'Mitzi','Filippov','mfilippovj@wikia.com','2019-10-13 13:39:19'),
	(22,'Lorinda','Pease','lpeasek@army.mil','2019-07-13 12:33:40'),
	(23,'Tull','Vallentin','tvallentinl@columbia.edu','2019-05-22 20:50:03'),
	(24,'Izaak','Sangra','isangram@t.co','2018-11-21 10:49:19'),
	(25,'Olag','Dossetter','odossettern@csmonitor.com','2019-01-26 23:56:21'),
	(26,'Rebekkah','Phlippsen','rphlippseno@gravatar.com','2019-11-10 08:22:54'),
	(27,'Tristam','Cogar','tcogarp@hao123.com','2019-08-21 00:36:18'),
	(28,'Joyous','De Domenici','jdedomeniciq@instagram.com','2019-08-13 10:33:47'),
	(29,'Ephrayim','Lindenboim','elindenboimr@sciencedaily.com','2019-06-11 06:50:04'),
	(30,'Andree','Coldrick','acoldricks@artisteer.com','2019-05-15 03:52:07'),
	(31,'Marrissa','Bread','mbreadt@state.tx.us','2019-10-04 07:56:43'),
	(32,'Marysa','Toffetto','mtoffettou@tiny.cc','2019-01-08 07:13:08'),
	(33,'Nicky','Niece','nniecev@state.gov','2019-03-10 22:57:23'),
	(34,'Danya','Warre','dwarrew@edublogs.org','2019-05-17 19:37:28'),
	(35,'Seline','Redmille','sredmillex@instagram.com','2019-10-13 11:48:47'),
	(36,'Jere','Aldam','jaldamy@issuu.com','2019-01-03 11:27:50'),
	(37,'Baxie','Beetham','bbeethamz@is.gd','2019-05-04 10:47:54'),
	(38,'Tova','Bellenie','tbellenie10@narod.ru','2019-05-12 11:09:54'),
	(39,'Kendra','Swinden','kswinden11@ibm.com','2018-12-13 20:51:38'),
	(40,'Bryanty','Astall','bastall12@netlog.com','2019-10-20 20:14:45'),
	(41,'Gwyneth','Gurys','ggurys13@booking.com','2019-03-12 12:25:14'),
	(42,'Sig','Lakin','slakin14@eepurl.com','2019-09-27 13:11:02'),
	(43,'Rori','Stannion','rstannion15@discuz.net','2019-09-24 10:37:46'),
	(44,'Itch','Shoebrook','ishoebrook16@dailymotion.com','2018-12-31 12:09:10'),
	(45,'Milo','Malpas','mmalpas17@ifeng.com','2019-11-10 04:47:47'),
	(46,'Tomlin','Giovannoni','tgiovannoni18@home.pl','2019-05-06 19:43:59'),
	(47,'Leisha','Waters','lwaters19@fema.gov','2019-03-03 15:37:30'),
	(48,'Heddie','Teenan','hteenan1a@nifty.com','2019-09-25 21:27:13'),
	(49,'Willie','Whitmell','wwhitmell1b@ucsd.edu','2019-06-15 07:10:21'),
	(50,'Travers','Meachan','tmeachan1c@yellowbook.com','2019-03-11 22:24:19'),
	(51,'Winni','Oxteby','woxteby1d@opensource.org','2019-07-31 06:12:29'),
	(52,'Seumas','Lidster','slidster1e@rediff.com','2019-05-20 14:04:21'),
	(53,'Lydia','Bompas','lbompas1f@networksolutions.com','2019-05-15 05:11:44'),
	(54,'Celka','Ebenezer','cebenezer1g@home.pl','2019-06-18 22:10:26'),
	(55,'Jolynn','Pillman','jpillman1h@omniture.com','2019-01-05 21:32:21'),
	(56,'Claudette','Wagen','cwagen1i@cbc.ca','2018-12-23 07:02:54'),
	(57,'Faunie','Urridge','furridge1j@blogs.com','2019-08-18 21:00:36'),
	(58,'Dianne','Smallwood','dsmallwood1k@washingtonpost.com','2019-04-06 19:39:16'),
	(59,'Mada','Backhouse','mbackhouse1l@homestead.com','2019-06-09 00:57:43'),
	(60,'Tildi','Shillom','tshillom1m@qq.com','2019-07-07 15:28:54'),
	(61,'Stavros','Ready','sready1n@seattletimes.com','2019-03-12 02:18:58'),
	(62,'Derby','Joules','djoules1o@omniture.com','2019-03-25 21:01:02'),
	(63,'Dayna','Jumonet','djumonet1p@mashable.com','2019-02-07 20:02:16'),
	(64,'Candice','Zecchi','czecchi1q@bandcamp.com','2019-10-06 15:15:24'),
	(65,'Liza','Josephov','ljosephov1r@t-online.de','2019-02-21 04:33:34'),
	(66,'Jilleen','Piatkow','jpiatkow1s@simplemachines.org','2019-08-16 11:10:28'),
	(67,'Rubetta','Aggett','raggett1t@house.gov','2019-11-12 16:06:38'),
	(68,'Tamarra','Windebank','twindebank1u@pbs.org','2019-09-26 15:36:53'),
	(69,'Audi','Huson','ahuson1v@simplemachines.org','2019-10-04 15:03:54'),
	(70,'Noni','Simyson','nsimyson1w@wufoo.com','2019-09-09 14:29:28'),
	(71,'Rosaline','Khilkov','rkhilkov1x@businessinsider.com','2019-02-14 02:26:46'),
	(72,'Carry','Landers','clanders1y@themeforest.net','2019-10-07 08:27:52'),
	(73,'Oriana','Eykelbosch','oeykelbosch1z@yellowbook.com','2018-11-29 12:57:03'),
	(74,'Melany','Bisgrove','mbisgrove20@naver.com','2019-10-28 00:43:34'),
	(75,'Trumann','Skellen','tskellen21@addtoany.com','2019-10-29 13:10:01'),
	(76,'Vanya','Jeffryes','vjeffryes22@hc360.com','2019-02-22 21:42:27'),
	(77,'Leontine','Barbrook','lbarbrook23@hubpages.com','2019-06-18 07:16:19'),
	(78,'Durant','Ferron','dferron24@utexas.edu','2018-12-06 03:46:30'),
	(79,'Derby','Larter','dlarter25@last.fm','2019-10-16 20:43:08'),
	(80,'Wendie','Greave','wgreave26@google.cn','2019-08-01 20:27:14'),
	(81,'Amanda','Andrus','aandrus27@reference.com','2019-06-01 01:09:38'),
	(82,'Leanora','Benedettini','lbenedettini28@huffingtonpost.com','2019-11-15 18:43:44'),
	(83,'Merrielle','Eastam','meastam29@usda.gov','2019-06-25 02:25:50'),
	(84,'Orrin','Adamsky','oadamsky2a@amazon.com','2019-08-16 05:04:17'),
	(85,'Trent','Soots','tsoots2b@toplist.cz','2019-09-10 02:15:05'),
	(86,'Lance','Dawidowsky','ldawidowsky2c@dmoz.org','2019-07-17 01:32:56'),
	(87,'Lyndy','Napoli','lnapoli2d@parallels.com','2019-02-03 09:02:27'),
	(88,'Garv','Mustarde','gmustarde2e@google.nl','2019-08-15 00:16:18'),
	(89,'Lilas','Peddar','lpeddar2f@cyberchimps.com','2019-04-25 02:32:43'),
	(90,'Maribelle','Schutte','mschutte2g@mayoclinic.com','2019-06-24 13:56:14'),
	(91,'Robb','Chamberlayne','rchamberlayne2h@shutterfly.com','2019-09-24 11:12:13'),
	(92,'Goraud','Plumstead','gplumstead2i@moonfruit.com','2019-03-13 23:51:14'),
	(93,'Bobbe','Simmig','bsimmig2j@yahoo.com','2019-08-22 08:04:58'),
	(94,'Ronny','Halden','rhalden2k@xing.com','2018-12-07 01:01:52'),
	(95,'Trev','Van den Oord','tvandenoord2l@home.pl','2019-08-18 23:46:50'),
	(96,'Bruce','Dast','bdast2m@digg.com','2018-12-12 07:13:49'),
	(97,'Ricky','Klauber','rklauber2n@t-online.de','2019-09-01 00:42:52'),
	(98,'Annabel','Balfe','abalfe2o@instagram.com','2019-02-17 22:27:58'),
	(99,'Kara-lynn','Patemore','kpatemore2p@artisteer.com','2019-05-05 21:22:14'),
	(100,'Jens','Paulmann','jpaulmann2q@rediff.com','2019-01-17 23:34:53'),
	(101,'Portie','Emtage','pemtage2r@360.cn','2019-09-30 23:31:22'),
	(102,'Renault','Lambswood','rlambswood2s@nyu.edu','2019-07-04 03:30:01'),
	(103,'Kimbra','Josskoviz','kjosskoviz2t@over-blog.com','2019-07-24 13:10:19'),
	(104,'Chere','Navaro','cnavaro2u@geocities.jp','2019-06-30 00:45:26'),
	(105,'Peg','Ollington','pollington2v@nps.gov','2019-05-27 21:46:38'),
	(106,'Klarrisa','Trow','ktrow2w@cbslocal.com','2019-11-06 14:30:30'),
	(107,'Andres','O\'Kuddyhy','aokuddyhy2x@google.com','2018-12-16 12:48:20'),
	(108,'Remus','Davoren','rdavoren2y@hhs.gov','2019-02-09 09:50:13'),
	(109,'Brenn','McLennan','bmclennan2z@wordpress.org','2019-05-25 09:34:33'),
	(110,'Consuelo','Delahunt','cdelahunt30@issuu.com','2019-06-21 20:47:50'),
	(111,'Tully','Meakin','tmeakin31@sphinn.com','2019-04-29 10:03:46'),
	(112,'Karyn','Walbridge','kwalbridge32@sphinn.com','2019-02-12 16:33:16'),
	(113,'Hendrick','Pirolini','hpirolini33@senate.gov','2019-03-02 18:42:31'),
	(114,'Kory','Janak','kjanak34@cafepress.com','2019-05-22 00:03:59'),
	(115,'Chane','Epton','cepton35@nbcnews.com','2019-08-19 02:35:43'),
	(116,'Fionnula','Lawtie','flawtie36@oracle.com','2019-10-02 05:18:23'),
	(117,'Kristina','Flewin','kflewin37@barnesandnoble.com','2019-04-22 02:13:19'),
	(118,'Spence','Girk','sgirk38@sitemeter.com','2019-08-16 14:09:35'),
	(119,'Marigold','Sparwell','msparwell39@tumblr.com','2019-04-18 16:01:18'),
	(120,'Arch','Rowaszkiewicz','arowaszkiewicz3a@mayoclinic.com','2019-01-15 13:20:22'),
	(121,'Winnifred','Rubinovitch','wrubinovitch3b@addthis.com','2019-08-06 21:59:35'),
	(122,'Hernando','Suthworth','hsuthworth3c@pcworld.com','2019-01-27 17:23:31'),
	(123,'Barbra','Cloy','bcloy3d@google.fr','2019-04-02 18:09:10'),
	(124,'Norine','Bassilashvili','nbassilashvili3e@studiopress.com','2019-07-29 09:34:25'),
	(125,'Toby','Hawtin','thawtin3f@behance.net','2019-08-02 10:23:19'),
	(126,'Emmalynn','Fenich','efenich3g@about.me','2019-10-08 00:09:07'),
	(127,'Hamel','Bellocht','hbellocht3h@imageshack.us','2019-10-16 17:35:38'),
	(128,'Grantham','Handrock','ghandrock3i@delicious.com','2019-05-11 07:57:15'),
	(129,'Corbett','Howgate','chowgate3j@goo.ne.jp','2019-10-11 15:06:46'),
	(130,'Mallory','Walsh','mwalsh3k@admin.ch','2019-08-12 08:48:12'),
	(131,'Rodney','Channon','rchannon3l@163.com','2019-10-28 02:21:32'),
	(132,'Greer','Tertre','gtertre3m@fotki.com','2019-11-06 15:55:51'),
	(133,'Jacobo','Caven','jcaven3n@cbsnews.com','2019-10-16 20:38:24'),
	(134,'Johnnie','Gedling','jgedling3o@europa.eu','2018-11-30 15:57:32'),
	(135,'Willi','Pease','wpease3p@redcross.org','2019-06-07 16:41:53'),
	(136,'Virge','Ternault','vternault3q@buzzfeed.com','2019-05-12 14:06:23'),
	(137,'Camella','Moreno','cmoreno3r@free.fr','2019-03-15 02:24:36'),
	(138,'Mallory','Pevsner','mpevsner3s@huffingtonpost.com','2019-04-02 10:24:09'),
	(139,'Amerigo','Dew','adew3t@biglobe.ne.jp','2019-05-25 13:05:29'),
	(140,'Tamma','Chittie','tchittie3u@odnoklassniki.ru','2019-05-19 10:42:15'),
	(141,'Woodrow','Salzen','wsalzen3v@abc.net.au','2019-06-21 10:27:27'),
	(142,'Beale','Ouchterlony','bouchterlony3w@bloglovin.com','2018-12-27 23:11:43'),
	(143,'Rorke','McNutt','rmcnutt3x@ft.com','2019-04-04 09:04:04'),
	(144,'Kristy','Pinks','kpinks3y@netscape.com','2018-12-22 10:04:35'),
	(145,'Rudolf','Veal','rveal3z@vistaprint.com','2019-10-31 02:20:28'),
	(146,'Monroe','Coie','mcoie40@ustream.tv','2019-07-27 14:52:40'),
	(147,'Carmel','Brazelton','cbrazelton41@behance.net','2018-12-26 11:33:29'),
	(148,'Sabra','Staynes','sstaynes42@zimbio.com','2019-08-11 22:52:41'),
	(149,'Alecia','Wooldridge','awooldridge43@miitbeian.gov.cn','2019-03-20 10:47:38'),
	(150,'Lars','Reeman','lreeman44@nymag.com','2018-12-01 18:01:34'),
	(151,'Consalve','Catanheira','ccatanheira45@guardian.co.uk','2019-10-06 16:23:09'),
	(152,'Garrek','Keeffe','gkeeffe46@sourceforge.net','2019-05-10 08:54:06'),
	(153,'Amabel','Beales','abeales47@alexa.com','2018-12-18 04:10:00'),
	(154,'Sharona','Hofer','shofer48@theatlantic.com','2019-09-17 09:18:38'),
	(155,'Coop','Simo','csimo49@networkadvertising.org','2019-02-24 13:06:24'),
	(156,'Meryl','Swalough','mswalough4a@vk.com','2019-10-04 18:46:56'),
	(157,'Rodolfo','Mersh','rmersh4b@telegraph.co.uk','2019-03-16 04:47:54'),
	(158,'Branden','Ashfull','bashfull4c@prlog.org','2019-01-02 22:02:54'),
	(159,'Enoch','Aistrop','eaistrop4d@stumbleupon.com','2019-05-11 07:48:04'),
	(160,'Klement','Conerding','kconerding4e@usatoday.com','2019-06-03 21:23:27'),
	(161,'Saba','Jennison','sjennison4f@slashdot.org','2019-05-31 09:46:59'),
	(162,'Christalle','Levet','clevet4g@friendfeed.com','2019-03-31 03:05:13'),
	(163,'Honor','Barrus','hbarrus4h@hud.gov','2019-08-01 19:12:27'),
	(164,'Millie','Clendennen','mclendennen4i@bbc.co.uk','2019-08-06 20:33:46'),
	(165,'Alanna','Rockhill','arockhill4j@miibeian.gov.cn','2019-02-06 12:40:32'),
	(166,'Arlyn','Enderlein','aenderlein4k@nationalgeographic.com','2019-03-27 07:29:44'),
	(167,'Josh','Gaven','jgaven4l@ft.com','2019-05-03 19:40:56'),
	(168,'Ariel','Lamball','alamball4m@google.fr','2019-01-07 05:03:48'),
	(169,'Benjy','Taberer','btaberer4n@weebly.com','2019-05-17 09:09:06'),
	(170,'Brittan','Yerrington','byerrington4o@dailymail.co.uk','2019-10-25 09:27:21'),
	(171,'Jaquenette','Jorissen','jjorissen4p@sina.com.cn','2019-01-25 03:20:49'),
	(172,'Desi','Harvatt','dharvatt4q@xing.com','2019-10-11 23:09:49'),
	(173,'Morgana','Manford','mmanford4r@google.fr','2019-08-01 00:48:40'),
	(174,'Bria','Trebbett','btrebbett4s@un.org','2019-10-13 16:09:50'),
	(175,'Kayle','Perel','kperel4t@mayoclinic.com','2019-07-09 07:00:27'),
	(176,'Ramsay','Cumberlidge','rcumberlidge4u@cbslocal.com','2019-05-12 23:43:47'),
	(177,'Susann','Luxmoore','sluxmoore4v@columbia.edu','2019-02-18 22:09:29'),
	(178,'Amaleta','Probate','aprobate4w@taobao.com','2019-03-18 07:40:35'),
	(179,'Thurstan','Le Brum','tlebrum4x@hud.gov','2019-03-16 08:16:17'),
	(180,'Dmitri','Govier','dgovier4y@ning.com','2019-03-28 23:11:52'),
	(181,'Spike','Wooff','swooff4z@opensource.org','2018-12-24 07:19:00'),
	(182,'Stan','Merle','smerle50@sakura.ne.jp','2018-11-27 00:58:10'),
	(183,'Davidson','Rollings','drollings51@dedecms.com','2019-07-06 08:56:58'),
	(184,'Vidovic','Varga','vvarga52@kickstarter.com','2019-06-04 10:03:05'),
	(185,'Sheila','Longstaff','slongstaff53@biblegateway.com','2019-05-01 18:00:03'),
	(186,'Willis','De La Coste','wdelacoste54@fotki.com','2019-07-29 23:26:30'),
	(187,'Starlin','Staten','sstaten55@reddit.com','2019-06-11 15:16:33'),
	(188,'Emmye','Tenant','etenant56@sohu.com','2019-06-22 04:19:05'),
	(189,'Junette','Chilver','jchilver57@blogspot.com','2019-01-05 15:19:46'),
	(190,'Pippa','Blaske','pblaske58@businesswire.com','2019-05-04 01:33:51'),
	(191,'Jeffry','Greenside','jgreenside59@cafepress.com','2019-06-18 00:48:42'),
	(192,'Karoline','Longhorne','klonghorne5a@xing.com','2018-11-28 14:32:53'),
	(193,'Lyndsey','Swaffield','lswaffield5b@privacy.gov.au','2019-08-20 18:09:18'),
	(194,'Terry','Samett','tsamett5c@dagondesign.com','2019-10-12 12:59:00'),
	(195,'Davidde','Bullimore','dbullimore5d@home.pl','2018-11-21 19:22:08'),
	(196,'Tull','Janeway','tjaneway5e@mtv.com','2019-03-12 07:02:53'),
	(197,'Garek','McCluskey','gmccluskey5f@dropbox.com','2019-02-01 07:33:18'),
	(198,'Caddric','Andreichik','candreichik5g@github.com','2019-04-15 16:38:08'),
	(199,'Clement','Antognoni','cantognoni5h@tamu.edu','2019-02-04 11:23:44'),
	(200,'Ernestus','Plumer','eplumer5i@barnesandnoble.com','2019-01-30 14:11:26'),
	(201,'Frederique','Flicker','fflicker5j@bloomberg.com','2019-05-20 16:26:36'),
	(202,'Odille','Gheraldi','ogheraldi5k@github.com','2019-10-12 20:41:37'),
	(203,'Reinaldos','Goddman','rgoddman5l@comsenz.com','2018-12-21 19:08:57'),
	(204,'Noelyn','Farrans','nfarrans5m@diigo.com','2019-04-17 06:03:05'),
	(205,'Lisetta','Bragg','lbragg5n@engadget.com','2019-10-11 12:30:50'),
	(206,'Sayer','Foynes','sfoynes5o@accuweather.com','2019-05-14 23:30:07'),
	(207,'Seth','Faragher','sfaragher5p@springer.com','2019-07-31 15:09:15'),
	(208,'Ambrosi','Matthensen','amatthensen5q@mayoclinic.com','2019-10-27 06:15:00'),
	(209,'Win','Broune','wbroune5r@skyrock.com','2019-08-07 03:19:28'),
	(210,'Doria','MacMichael','dmacmichael5s@ucsd.edu','2019-06-13 08:20:03'),
	(211,'Jody','Minnis','jminnis5t@google.it','2019-03-04 15:53:42'),
	(212,'Loren','Skim','lskim5u@bizjournals.com','2019-03-19 16:49:04'),
	(213,'Allianora','Backman','abackman5v@aboutads.info','2019-03-29 16:47:47'),
	(214,'Cristie','Ruben','cruben5w@ucoz.ru','2019-09-11 20:42:11'),
	(215,'Marsha','Tatam','mtatam5x@reuters.com','2019-05-18 14:39:42'),
	(216,'Christabel','Runge','crunge5y@seesaa.net','2019-09-04 19:55:41'),
	(217,'Trudie','Pahler','tpahler5z@hhs.gov','2019-08-16 23:25:07'),
	(218,'Emmott','Heitz','eheitz60@163.com','2018-12-21 13:08:23'),
	(219,'Woodman','Glison','wglison61@hubpages.com','2019-05-08 13:41:29'),
	(220,'Timofei','Eisikowitz','teisikowitz62@topsy.com','2019-10-01 20:59:36'),
	(221,'Emmy','Alastair','ealastair63@cnn.com','2019-10-21 01:40:08'),
	(222,'Corby','Tunder','ctunder64@rediff.com','2019-08-12 01:44:11'),
	(223,'Jaymee','Coneybeare','jconeybeare65@disqus.com','2019-01-06 10:24:06'),
	(224,'Felice','Windridge','fwindridge66@is.gd','2019-11-11 14:28:34'),
	(225,'Donaugh','De Hooch','ddehooch67@cnbc.com','2019-08-06 11:40:00'),
	(226,'Brianna','Yearby','byearby68@ask.com','2019-09-25 00:24:22'),
	(227,'Shay','Huddy','shuddy69@xing.com','2019-08-10 15:05:17'),
	(228,'Sharity','Kennewell','skennewell6a@prlog.org','2018-11-30 21:34:00'),
	(229,'Saundra','Ornelas','sornelas6b@naver.com','2018-12-02 03:14:37'),
	(230,'Kim','Leyman','kleyman6c@photobucket.com','2019-04-05 12:31:10'),
	(231,'Jessica','Olivazzi','jolivazzi6d@unblog.fr','2019-11-14 14:10:30'),
	(232,'Kayla','Freeth','kfreeth6e@hp.com','2019-03-04 03:45:08'),
	(233,'Amandi','Braunston','abraunston6f@geocities.jp','2019-10-30 07:46:30'),
	(234,'Hillery','Orys','horys6g@chron.com','2019-06-14 02:24:52'),
	(235,'Avis','Galpen','agalpen6h@barnesandnoble.com','2018-12-26 06:55:18'),
	(236,'Sigmund','Wethered','swethered6i@github.com','2019-08-17 03:26:38'),
	(237,'Brewer','Goodliff','bgoodliff6j@geocities.jp','2019-09-24 00:21:57'),
	(238,'Berenice','Fordy','bfordy6k@cbc.ca','2019-01-13 21:21:01'),
	(239,'Manolo','Judron','mjudron6l@telegraph.co.uk','2019-06-28 18:39:30'),
	(240,'Jud','Valente','jvalente6m@edublogs.org','2019-05-29 18:37:22'),
	(241,'Stevana','Spall','sspall6n@github.com','2019-09-01 00:58:59'),
	(242,'Jaquenetta','Jaher','jjaher6o@livejournal.com','2019-09-25 03:11:53'),
	(243,'Thebault','Chitham','tchitham6p@mit.edu','2019-04-17 04:28:02'),
	(244,'Rosamund','Lamburne','rlamburne6q@unesco.org','2019-10-26 21:32:52'),
	(245,'Belicia','Dullard','bdullard6r@smh.com.au','2018-12-03 04:53:07'),
	(246,'Georgie','Hoffman','ghoffman6s@mysql.com','2019-01-11 00:26:22'),
	(247,'Currey','Auguste','cauguste6t@google.com.hk','2019-06-25 00:08:00'),
	(248,'Berne','Amor','bamor6u@mayoclinic.com','2019-09-04 00:17:37'),
	(249,'Son','Shurrocks','sshurrocks6v@github.com','2019-03-14 08:50:22'),
	(250,'Filbert','Hiers','fhiers6w@wsj.com','2019-07-25 22:14:22'),
	(251,'Mordy','Topling','mtopling6x@ehow.com','2019-03-03 00:27:04'),
	(252,'Bax','Coupland','bcoupland6y@goo.ne.jp','2019-05-18 07:55:48'),
	(253,'Jeffry','Dixey','jdixey6z@netvibes.com','2018-12-18 15:08:45'),
	(254,'Charmine','Aylmore','caylmore70@prlog.org','2018-12-23 05:52:43'),
	(255,'Sonnie','Gorick','sgorick71@java.com','2019-08-10 22:58:09'),
	(256,'Sula','McGrayle','smcgrayle72@cbslocal.com','2019-09-06 22:17:20'),
	(257,'Sylvia','Brakewell','sbrakewell73@cbsnews.com','2019-08-22 06:01:51'),
	(258,'Eleonora','Zanettini','ezanettini74@mysql.com','2019-08-14 20:26:48'),
	(259,'Shaw','Haresnaip','sharesnaip75@boston.com','2019-04-26 23:31:42'),
	(260,'Drona','Macknish','dmacknish76@java.com','2019-02-02 10:10:19'),
	(261,'Lance','Christoffels','lchristoffels77@seattletimes.com','2019-09-08 23:41:23'),
	(262,'Husein','Gammel','hgammel78@marriott.com','2019-06-14 03:58:40'),
	(263,'Torie','Seamark','tseamark79@joomla.org','2019-09-22 23:09:37'),
	(264,'Muire','Luna','mluna7a@mtv.com','2019-10-10 23:54:40'),
	(265,'Cord','Dowsey','cdowsey7b@pcworld.com','2019-02-03 08:03:18'),
	(266,'Irvine','Philimore','iphilimore7c@discovery.com','2019-09-30 21:06:17'),
	(267,'Sheree','Elintune','selintune7d@google.com.br','2019-05-02 12:36:18'),
	(268,'Jennee','Neale','jneale7e@123-reg.co.uk','2019-10-13 23:23:31'),
	(269,'Bettina','Ivanusyev','bivanusyev7f@about.me','2019-04-12 18:36:15'),
	(270,'Eduardo','Herrema','eherrema7g@taobao.com','2019-04-18 06:54:44'),
	(271,'Aura','Philo','aphilo7h@earthlink.net','2019-10-09 13:28:05'),
	(272,'Rebecka','Beresfore','rberesfore7i@cpanel.net','2019-06-01 17:00:11'),
	(273,'Codi','Cella','ccella7j@deliciousdays.com','2019-03-04 14:29:45'),
	(274,'Kristin','Greber','kgreber7k@apple.com','2019-04-12 07:21:14'),
	(275,'Viole','Eliaz','veliaz7l@dion.ne.jp','2019-09-04 02:55:44'),
	(276,'Cullen','Vanyarkin','cvanyarkin7m@goo.gl','2018-12-20 11:13:49'),
	(277,'Marlene','Berka','mberka7n@lycos.com','2018-12-09 04:42:57'),
	(278,'Moshe','Chippindall','mchippindall7o@newyorker.com','2018-11-22 19:00:16'),
	(279,'Holly','Jeandet','hjeandet7p@cdbaby.com','2019-04-27 17:20:28'),
	(280,'Pepi','Dalgarno','pdalgarno7q@ycombinator.com','2018-12-30 07:59:02'),
	(281,'Cookie','Tyrrell','ctyrrell7r@w3.org','2019-11-09 04:30:06'),
	(282,'Jemmie','Koubek','jkoubek7s@fda.gov','2019-06-07 08:16:46'),
	(283,'Archie','Jardein','ajardein7t@mail.ru','2019-05-07 11:20:27'),
	(284,'Martie','Leabeater','mleabeater7u@marketwatch.com','2019-09-01 07:56:43'),
	(285,'Kaela','Godsmark','kgodsmark7v@cafepress.com','2018-12-13 15:20:17'),
	(286,'Verla','Dartan','vdartan7w@icq.com','2019-11-19 09:16:53'),
	(287,'Stanly','Keasy','skeasy7x@networkadvertising.org','2019-07-25 02:39:42'),
	(288,'Peyter','Rudgley','prudgley7y@domainmarket.com','2019-08-20 12:01:29'),
	(289,'Thomas','Chattell','tchattell7z@mediafire.com','2019-03-08 19:26:49'),
	(290,'Gretal','Maciocia','gmaciocia80@merriam-webster.com','2019-10-16 17:26:14'),
	(291,'Anne-corinne','Gerholz','agerholz81@ebay.com','2019-07-21 20:06:16'),
	(292,'Franciskus','Guillard','fguillard82@biblegateway.com','2019-10-04 15:11:35'),
	(293,'Winonah','Dimbleby','wdimbleby83@cargocollective.com','2019-04-28 16:05:41'),
	(294,'Carce','Skrzynski','cskrzynski84@woothemes.com','2019-02-14 02:46:25'),
	(295,'Giustina','Crigin','gcrigin85@ning.com','2019-08-16 23:14:33'),
	(296,'Garnette','Capstake','gcapstake86@ustream.tv','2019-07-21 05:52:22'),
	(297,'Ede','Ca','eca87@usnews.com','2018-12-21 16:07:21'),
	(298,'Emmery','O\'Fallowne','eofallowne88@gov.uk','2019-08-09 01:25:03'),
	(299,'Julian','Halvosen','jhalvosen89@nydailynews.com','2019-04-25 14:34:59'),
	(300,'Kris','Darlington','kdarlington8a@prlog.org','2019-06-05 00:07:28'),
	(301,'Ulrich','Dunnet','udunnet8b@guardian.co.uk','2019-05-29 09:18:34');

/*!40000 ALTER TABLE `orders` ENABLE KEYS */;
UNLOCK TABLES;


# Dump of table order_detail
# ------------------------------------------------------------

DROP TABLE IF EXISTS `order_detail`;

CREATE TABLE `order_detail` (
  `order_detail_id` int(11) unsigned NOT NULL AUTO_INCREMENT,
  `order_id` int(11) DEFAULT NULL,
  `flight_id` int(11) DEFAULT NULL,
  `seat` varchar(11) DEFAULT NULL,
  PRIMARY KEY (`order_detail_id`)
) ENGINE=InnoDB DEFAULT CHARSET=utf8;

LOCK TABLES `order_detail` WRITE;
/*!40000 ALTER TABLE `order_detail` DISABLE KEYS */;

INSERT INTO `order_detail` (`order_detail_id`, `order_id`, `flight_id`, `seat`)
VALUES
	(1,1,1,'01A'),
	(2,1,1,'01B'),
	(3,1,1,'01C'),
	(4,1,1,'01D'),
	(67,1,1,'82C'),
	(68,1,1,'44F'),
	(69,1,1,'88F'),
	(70,2,2,'69C'),
	(71,2,2,'55E'),
	(72,2,2,'24E'),
	(73,2,2,'44F'),
	(74,3,3,'33F'),
	(75,3,3,'77F'),
	(76,3,3,'79E'),
	(77,5,5,'64F'),
	(78,5,5,'82E'),
	(79,5,5,'68F'),
	(80,5,5,'85F'),
	(81,5,5,'82F'),
	(82,5,5,'45F'),
	(83,6,6,'45D'),
	(84,6,6,'41C'),
	(85,7,7,'15F'),
	(86,8,8,'31D'),
	(87,8,8,'12D'),
	(88,8,8,'37F'),
	(89,8,8,'11F'),
	(90,9,9,'35F'),
	(91,9,9,'66A'),
	(92,9,9,'64F'),
	(93,9,9,'92C'),
	(94,11,11,'21E'),
	(95,11,7,'12F'),
	(96,11,1,'99B'),
	(97,11,1,'34D'),
	(98,12,2,'24B'),
	(99,12,2,'95E'),
	(100,13,3,'73F'),
	(101,13,3,'51E'),
	(102,13,3,'14D'),
	(103,14,4,'76E'),
	(104,15,5,'82E'),
	(105,15,5,'63D'),
	(106,15,5,'34F'),
	(107,16,6,'22F'),
	(108,16,6,'27E'),
	(109,16,6,'62A'),
	(110,17,7,'18A'),
	(111,17,7,'56F'),
	(112,19,9,'96F'),
	(113,19,9,'33E'),
	(114,19,9,'46E'),
	(115,21,5,'14D'),
	(116,21,5,'61D'),
	(117,22,2,'53F'),
	(118,22,2,'46E'),
	(119,22,2,'51F'),
	(120,22,2,'77F'),
	(121,23,3,'44F'),
	(122,23,3,'12E'),
	(123,24,4,'47D'),
	(124,24,4,'79F'),
	(125,24,4,'17E'),
	(126,25,5,'48F'),
	(127,26,6,'33D'),
	(128,26,6,'19F'),
	(129,26,6,'61F'),
	(130,27,7,'67F'),
	(131,27,7,'46F'),
	(132,27,7,'74F'),
	(133,28,8,'19F'),
	(134,28,8,'87F'),
	(135,28,8,'74E'),
	(136,29,9,'31D'),
	(137,29,9,'41D'),
	(138,29,9,'95F'),
	(139,31,3,'39F'),
	(140,31,3,'64B'),
	(141,31,3,'65F'),
	(142,31,3,'83F'),
	(143,31,1,'51F'),
	(144,31,1,'72F'),
	(145,31,1,'79C'),
	(146,31,1,'37A'),
	(147,31,1,'25F'),
	(148,32,2,'11F'),
	(149,32,2,'11F'),
	(150,32,2,'71C'),
	(151,33,3,'65E'),
	(152,33,3,'47F'),
	(153,34,4,'36F'),
	(154,34,4,'81D'),
	(155,35,5,'33E'),
	(156,35,5,'14F'),
	(157,36,6,'91E'),
	(158,37,7,'18E'),
	(159,37,7,'41E'),
	(160,38,8,'35E'),
	(161,39,9,'57E'),
	(162,39,9,'46F'),
	(163,42,2,'73E'),
	(164,43,3,'57F'),
	(165,43,3,'18F'),
	(166,43,3,'11E'),
	(167,43,3,'18D'),
	(168,44,4,'62C'),
	(169,44,4,'86E'),
	(170,44,4,'41F'),
	(171,45,5,'56F'),
	(172,45,5,'82F'),
	(173,45,5,'21F'),
	(174,45,5,'21F'),
	(175,46,6,'81F'),
	(176,46,6,'19F'),
	(177,46,6,'97E'),
	(178,46,6,'86F'),
	(179,48,8,'61F'),
	(180,48,8,'17F'),
	(181,49,9,'34F'),
	(182,51,1,'95A'),
	(183,51,1,'19F'),
	(184,51,1,'31E'),
	(185,51,1,'82E'),
	(186,52,2,'18F'),
	(187,52,2,'78F'),
	(188,52,2,'21F'),
	(189,52,2,'96D'),
	(190,53,3,'61D'),
	(191,53,3,'42F'),
	(192,54,4,'12D'),
	(193,54,4,'17F'),
	(194,54,4,'23F'),
	(195,54,4,'54B'),
	(196,55,5,'88D'),
	(197,56,6,'79F'),
	(198,57,7,'34C'),
	(199,58,8,'88E'),
	(200,58,8,'82F'),
	(201,59,9,'39F'),
	(202,59,9,'96F'),
	(203,61,2,'76F'),
	(204,61,2,'28F'),
	(205,61,2,'81E'),
	(206,61,2,'57F'),
	(207,61,2,'92F'),
	(208,61,1,'31F'),
	(209,61,1,'23F'),
	(210,62,2,'46E'),
	(211,62,2,'56E'),
	(212,62,2,'97E'),
	(213,63,3,'16D'),
	(214,65,5,'82E'),
	(215,65,5,'17E'),
	(216,66,6,'72F'),
	(217,68,8,'41F'),
	(218,68,8,'93E'),
	(219,68,8,'48E'),
	(220,68,8,'57C'),
	(221,69,9,'51F'),
	(222,69,9,'37E'),
	(223,71,9,'72F'),
	(224,71,9,'92A'),
	(225,71,9,'11F'),
	(226,71,8,'11F'),
	(227,71,8,'91E'),
	(228,71,8,'26F'),
	(229,71,1,'84D'),
	(230,71,1,'98F'),
	(231,71,1,'22D'),
	(232,71,1,'19F'),
	(233,72,2,'59D'),
	(234,72,2,'87F'),
	(235,72,2,'12C'),
	(236,72,2,'69C'),
	(237,73,3,'91E'),
	(238,73,3,'82F'),
	(239,73,3,'19D'),
	(240,73,3,'45F'),
	(241,73,3,'82F'),
	(242,74,4,'81F'),
	(243,74,4,'48E'),
	(244,74,4,'51E'),
	(245,75,5,'51F'),
	(246,75,5,'11F'),
	(247,76,6,'47E'),
	(248,76,6,'15F'),
	(249,76,6,'62F'),
	(250,77,7,'22F'),
	(251,77,7,'38E'),
	(252,78,8,'75A'),
	(253,78,8,'28F'),
	(254,78,8,'45D'),
	(255,79,9,'91F'),
	(256,79,9,'44F'),
	(257,79,9,'11F'),
	(258,79,9,'73E'),
	(259,81,3,'14D'),
	(260,81,3,'68C'),
	(261,81,3,'51F'),
	(262,81,3,'11F'),
	(263,82,2,'39C'),
	(264,82,2,'19F'),
	(265,83,3,'29F'),
	(266,83,3,'36D'),
	(267,83,3,'11E'),
	(268,83,3,'59E'),
	(269,84,4,'31E'),
	(270,84,4,'45A'),
	(271,84,4,'15E'),
	(272,85,5,'64C'),
	(273,85,5,'58C'),
	(274,86,6,'57E'),
	(275,88,8,'58F'),
	(276,88,8,'37E'),
	(277,88,8,'32D'),
	(278,89,9,'17F'),
	(279,89,9,'81F'),
	(280,91,5,'31D'),
	(281,91,5,'67F'),
	(282,91,1,'81F'),
	(283,91,1,'14E'),
	(284,91,1,'46F'),
	(285,91,1,'31F'),
	(286,92,2,'17D'),
	(287,92,2,'22F'),
	(288,92,2,'34F'),
	(289,92,2,'79F'),
	(290,93,3,'93A'),
	(291,93,3,'15F'),
	(292,93,3,'21E'),
	(293,93,3,'16F'),
	(294,93,3,'22E'),
	(295,94,4,'89F'),
	(296,94,4,'67F'),
	(297,94,4,'11E'),
	(298,94,4,'17E'),
	(299,94,4,'11C'),
	(300,95,5,'29F'),
	(301,97,7,'13D'),
	(302,97,7,'44F'),
	(303,97,7,'69F'),
	(304,97,7,'47F'),
	(305,97,7,'13E'),
	(306,97,7,'47E'),
	(307,98,8,'56E'),
	(308,98,8,'53F'),
	(309,98,8,'12D'),
	(310,99,9,'22F'),
	(311,99,9,'12F'),
	(312,111,7,'46E'),
	(313,111,7,'79E'),
	(314,111,7,'21D'),
	(315,111,1,'73F'),
	(316,111,1,'85F'),
	(317,112,2,'79F'),
	(318,112,2,'52E'),
	(319,112,2,'57E'),
	(320,113,3,'71F'),
	(321,113,3,'39F'),
	(322,113,3,'65F'),
	(323,113,3,'44F'),
	(324,113,3,'16E'),
	(325,114,4,'77F'),
	(326,114,4,'32F'),
	(327,115,5,'51D'),
	(328,115,5,'89F'),
	(329,116,6,'37F'),
	(330,117,7,'52F'),
	(331,117,7,'38E'),
	(332,118,8,'28F'),
	(333,118,8,'15A'),
	(334,118,8,'59F'),
	(335,119,9,'73F'),
	(336,119,9,'58F'),
	(337,111,1,'43F'),
	(338,111,1,'48E'),
	(339,113,3,'22F'),
	(340,113,3,'53F'),
	(341,114,4,'85F'),
	(342,114,4,'31F'),
	(343,114,4,'69C'),
	(344,114,4,'61F'),
	(345,114,4,'87E'),
	(346,114,4,'34F'),
	(347,115,5,'91D'),
	(348,115,5,'63E'),
	(349,115,5,'38A'),
	(350,115,5,'11E'),
	(351,115,5,'96F'),
	(352,115,5,'64D'),
	(353,115,5,'24F'),
	(354,116,6,'12F'),
	(355,117,7,'67F'),
	(356,117,7,'76F'),
	(357,117,7,'87F'),
	(358,119,9,'11C'),
	(359,119,9,'88F'),
	(360,119,9,'61F'),
	(361,119,9,'11D'),
	(362,119,9,'96F'),
	(363,121,4,'72F'),
	(364,121,4,'46E'),
	(365,121,4,'79F'),
	(366,121,1,'17F'),
	(367,121,1,'28E'),
	(368,121,1,'31B'),
	(369,122,2,'81E'),
	(370,123,3,'81F'),
	(371,124,4,'13F'),
	(372,125,5,'99F'),
	(373,125,5,'21E'),
	(374,125,5,'43E'),
	(375,126,6,'61F'),
	(376,126,6,'32F'),
	(377,126,6,'59F'),
	(378,126,6,'91C'),
	(379,127,7,'11D'),
	(380,127,7,'13C'),
	(381,127,7,'74F'),
	(382,128,8,'31C'),
	(383,128,8,'79E'),
	(384,129,9,'14E'),
	(385,129,9,'36D'),
	(386,131,2,'44C'),
	(387,131,2,'52F'),
	(388,131,2,'83F'),
	(389,131,1,'99B'),
	(390,131,1,'77D'),
	(391,132,2,'53E'),
	(392,132,2,'51D'),
	(393,132,2,'13F'),
	(394,132,2,'15F'),
	(395,132,2,'51F'),
	(396,133,3,'41F'),
	(397,134,4,'11F'),
	(398,134,4,'49F'),
	(399,134,4,'53D'),
	(400,134,4,'67F'),
	(401,134,4,'56A'),
	(402,134,4,'73F'),
	(403,135,5,'85F'),
	(404,135,5,'84F'),
	(405,135,5,'51E'),
	(406,136,6,'38D'),
	(407,137,7,'44F'),
	(408,138,8,'51E'),
	(409,138,8,'81E'),
	(410,138,8,'11F'),
	(411,138,8,'22F'),
	(412,139,9,'95F'),
	(413,141,1,'73F'),
	(414,141,1,'71F'),
	(415,141,1,'38E'),
	(416,142,2,'11F'),
	(417,142,2,'43F'),
	(418,143,3,'87E'),
	(419,143,3,'61F'),
	(420,143,3,'45E'),
	(421,144,4,'15B'),
	(422,144,4,'63E'),
	(423,144,4,'19F'),
	(424,145,5,'46F'),
	(425,145,5,'13F'),
	(426,145,5,'68A'),
	(427,146,6,'32F'),
	(428,146,6,'24F'),
	(429,148,8,'91F'),
	(430,148,8,'81F'),
	(431,148,8,'57F'),
	(432,148,8,'44E'),
	(433,149,9,'56E'),
	(434,149,9,'59E'),
	(435,149,9,'14F'),
	(436,149,9,'66C'),
	(437,151,1,'48E'),
	(438,151,1,'44E'),
	(439,151,1,'97F'),
	(440,151,1,'96E'),
	(441,151,1,'77F'),
	(442,151,1,'81F'),
	(443,153,3,'11F'),
	(444,153,3,'19D'),
	(445,153,3,'67F'),
	(446,153,3,'13F'),
	(447,153,3,'51E'),
	(448,153,3,'38E'),
	(449,155,5,'98F'),
	(450,155,5,'99E'),
	(451,156,6,'16F'),
	(452,156,6,'49F'),
	(453,156,6,'61D'),
	(454,156,6,'37F'),
	(455,156,6,'29E'),
	(456,156,6,'91F'),
	(457,157,7,'44F'),
	(458,157,7,'21F'),
	(459,157,7,'11F'),
	(460,157,7,'31F'),
	(461,157,7,'28A'),
	(462,157,7,'11E'),
	(463,159,9,'64F'),
	(464,159,9,'77F'),
	(465,161,1,'88F'),
	(466,161,1,'16E'),
	(467,161,1,'61E'),
	(468,161,1,'85D'),
	(469,162,2,'54F'),
	(470,162,2,'31E'),
	(471,162,2,'19E'),
	(472,162,2,'61F'),
	(473,162,2,'74F'),
	(474,162,2,'11E'),
	(475,163,3,'43D'),
	(476,163,3,'46F'),
	(477,164,4,'66F'),
	(478,164,4,'32E'),
	(479,165,5,'78F'),
	(480,165,5,'15C'),
	(481,167,7,'15D'),
	(482,168,8,'12F'),
	(483,168,8,'17D'),
	(484,168,8,'93F'),
	(485,169,9,'53B'),
	(486,169,9,'25F'),
	(487,171,1,'87F'),
	(488,171,1,'92A'),
	(489,171,1,'53E'),
	(490,171,1,'74E'),
	(491,172,2,'13C'),
	(492,173,3,'97C'),
	(493,173,3,'66F'),
	(494,173,3,'46E'),
	(495,173,3,'52A'),
	(496,173,3,'77F'),
	(497,173,3,'58D'),
	(498,174,4,'86F'),
	(499,174,4,'26C'),
	(500,174,4,'81F'),
	(501,175,5,'63F'),
	(502,175,5,'14F'),
	(503,176,6,'22E'),
	(504,178,8,'34E'),
	(505,178,8,'56D'),
	(506,178,8,'87E'),
	(507,178,8,'68F'),
	(508,181,1,'96A'),
	(509,181,1,'31C'),
	(510,182,2,'43E'),
	(511,182,2,'32F'),
	(512,182,2,'54F'),
	(513,182,2,'73F'),
	(514,183,3,'26F'),
	(515,184,4,'16F'),
	(516,184,4,'58F'),
	(517,184,4,'77C'),
	(518,185,5,'37E'),
	(519,185,5,'32F'),
	(520,186,6,'11F'),
	(521,186,6,'42D'),
	(522,189,9,'44F'),
	(523,189,9,'44F'),
	(524,189,9,'83D'),
	(525,191,1,'22A'),
	(526,192,2,'68F'),
	(527,192,2,'91D'),
	(528,192,2,'13A'),
	(529,193,3,'34D'),
	(530,193,3,'74E'),
	(531,194,4,'62F'),
	(532,194,4,'14D'),
	(533,195,5,'48F'),
	(534,196,6,'55F'),
	(535,196,6,'34C'),
	(536,196,6,'32D'),
	(537,196,6,'82F'),
	(538,197,7,'18F'),
	(539,198,8,'41F'),
	(540,198,8,'52F'),
	(541,199,9,'29E'),
	(542,199,9,'18F'),
	(543,211,1,'81F'),
	(544,211,1,'21E'),
	(545,211,1,'65F'),
	(546,211,1,'31C'),
	(547,212,2,'12F'),
	(548,212,2,'11F'),
	(549,213,3,'41F'),
	(550,213,3,'17F'),
	(551,213,3,'19F'),
	(552,213,3,'77F'),
	(553,214,4,'73E'),
	(554,214,4,'58D'),
	(555,215,5,'39B'),
	(556,215,5,'22F'),
	(557,215,5,'56A'),
	(558,216,6,'33C'),
	(559,217,7,'42A'),
	(560,217,7,'88F'),
	(561,218,8,'55E'),
	(562,211,1,'96F'),
	(563,211,1,'12E'),
	(564,211,1,'91E'),
	(565,212,2,'11C'),
	(566,212,2,'11D'),
	(567,212,2,'51E'),
	(568,213,3,'89E'),
	(569,213,3,'61F'),
	(570,214,4,'81F'),
	(571,214,4,'46E'),
	(572,214,4,'91F'),
	(573,214,4,'83F'),
	(574,214,4,'16D'),
	(575,215,5,'56E'),
	(576,215,5,'36F'),
	(577,216,6,'14F'),
	(578,216,6,'38F'),
	(579,216,6,'97E'),
	(580,217,7,'81A'),
	(581,217,7,'91C'),
	(582,219,9,'51F'),
	(583,219,9,'18D'),
	(584,221,1,'93F'),
	(585,221,1,'46C'),
	(586,221,1,'59D'),
	(587,221,1,'29E'),
	(588,222,2,'77E'),
	(589,222,2,'67F'),
	(590,222,2,'17F'),
	(591,222,2,'17F'),
	(592,222,2,'55F'),
	(593,223,3,'79F'),
	(594,223,3,'42F'),
	(595,224,4,'39E'),
	(596,224,4,'25F'),
	(597,225,5,'66F'),
	(598,225,5,'82F'),
	(599,225,5,'48F'),
	(600,226,6,'84E'),
	(601,227,7,'67F'),
	(602,227,7,'87F'),
	(603,228,8,'72C'),
	(604,228,8,'65F'),
	(605,231,1,'61F'),
	(606,232,2,'53F'),
	(607,233,3,'51D'),
	(608,233,3,'12E'),
	(609,234,4,'82E'),
	(610,235,5,'11D'),
	(611,235,5,'43E'),
	(612,236,6,'32F'),
	(613,236,6,'26E'),
	(614,236,6,'28B'),
	(615,237,7,'11D'),
	(616,237,7,'48F'),
	(617,237,7,'68E'),
	(618,238,8,'63E'),
	(619,238,8,'15E'),
	(620,238,8,'15F'),
	(621,238,8,'45F'),
	(622,238,8,'31F'),
	(623,238,8,'87F'),
	(624,239,9,'77E'),
	(625,239,9,'64F'),
	(626,241,1,'42F'),
	(627,241,1,'13F'),
	(628,241,1,'72F'),
	(629,242,2,'52F'),
	(630,243,3,'48D'),
	(631,244,4,'13C'),
	(632,244,4,'61E'),
	(633,245,5,'25E'),
	(634,245,5,'61F'),
	(635,246,6,'83B'),
	(636,246,6,'56A'),
	(637,246,6,'18F'),
	(638,246,6,'34D'),
	(639,247,7,'66A'),
	(640,247,7,'45A'),
	(641,248,8,'16F'),
	(642,248,8,'14F'),
	(643,248,8,'65F'),
	(644,249,9,'12E'),
	(645,251,1,'19E'),
	(646,251,1,'81A'),
	(647,251,1,'43E'),
	(648,251,1,'71D'),
	(649,251,1,'71E'),
	(650,252,2,'12F'),
	(651,252,2,'19F'),
	(652,253,3,'16F'),
	(653,254,4,'73F'),
	(654,254,4,'25E'),
	(655,254,4,'35E'),
	(656,254,4,'81E'),
	(657,254,4,'81F'),
	(658,255,5,'97E'),
	(659,255,5,'81F'),
	(660,255,5,'15B'),
	(661,256,6,'37F'),
	(662,256,6,'11F'),
	(663,257,7,'13F'),
	(664,257,7,'99F'),
	(665,258,8,'33E'),
	(666,259,9,'41A'),
	(667,259,9,'61C'),
	(668,259,9,'51C'),
	(669,259,9,'94F'),
	(670,261,1,'48E'),
	(671,261,1,'18F'),
	(672,261,1,'96D'),
	(673,261,1,'95F'),
	(674,261,1,'51F'),
	(675,261,1,'26E'),
	(676,261,1,'36C'),
	(677,263,3,'63F'),
	(678,263,3,'26E'),
	(679,263,3,'81E'),
	(680,264,4,'14D'),
	(681,264,4,'71F'),
	(682,265,5,'65D'),
	(683,265,5,'91D'),
	(684,265,5,'19F'),
	(685,267,7,'59D'),
	(686,267,7,'22E'),
	(687,268,8,'64F'),
	(688,268,8,'26F'),
	(689,268,8,'51F'),
	(690,268,8,'41F'),
	(691,269,9,'11E'),
	(692,271,1,'69F'),
	(693,271,1,'16E'),
	(694,271,1,'89F'),
	(695,271,1,'89E'),
	(696,271,1,'86F'),
	(697,271,1,'68C'),
	(698,272,2,'18E'),
	(699,272,2,'12E'),
	(700,273,3,'41F'),
	(701,273,3,'83F'),
	(702,273,3,'29E'),
	(703,274,4,'15F'),
	(704,274,4,'97E'),
	(705,275,5,'78E'),
	(706,275,5,'35F'),
	(707,276,6,'51E'),
	(708,276,6,'22C'),
	(709,276,6,'21F'),
	(710,276,6,'62F'),
	(711,277,7,'28D'),
	(712,277,7,'12F'),
	(713,279,9,'29D'),
	(714,279,9,'15E'),
	(715,279,9,'83F'),
	(716,281,1,'14D'),
	(717,281,1,'91F'),
	(718,281,1,'35F'),
	(719,281,1,'62E'),
	(720,281,1,'84F'),
	(721,282,2,'69B'),
	(722,282,2,'79F'),
	(723,283,3,'96E'),
	(724,283,3,'21F'),
	(725,283,3,'29F'),
	(726,284,4,'63E'),
	(727,285,5,'86E'),
	(728,285,5,'87F'),
	(729,285,5,'11F'),
	(730,285,5,'93F'),
	(731,286,6,'81F'),
	(732,286,6,'81E'),
	(733,287,7,'34A'),
	(734,287,7,'21E'),
	(735,288,8,'64E'),
	(736,288,8,'89F'),
	(737,288,8,'81F'),
	(738,289,9,'39D'),
	(739,289,9,'18E'),
	(740,289,9,'12E'),
	(741,291,1,'98A'),
	(742,291,1,'36F'),
	(743,291,1,'71F'),
	(744,292,2,'31D'),
	(745,293,3,'29F'),
	(746,293,3,'41E'),
	(747,294,4,'12F'),
	(748,294,4,'58F'),
	(749,294,4,'62E'),
	(750,294,4,'66B'),
	(751,294,4,'36D'),
	(752,295,5,'86F'),
	(753,295,5,'61E'),
	(754,295,5,'68A'),
	(755,295,5,'11C'),
	(756,296,6,'16F'),
	(757,296,6,'41F'),
	(758,297,7,'91D'),
	(759,297,7,'11E'),
	(760,298,8,'64F'),
	(761,298,8,'92F'),
	(762,298,8,'27E'),
	(763,299,9,'66E'),
	(764,299,9,'25D'),
	(765,299,9,'63E'),
	(766,299,9,'29F');

/*!40000 ALTER TABLE `order_detail` ENABLE KEYS */;
UNLOCK TABLES;



/*!40111 SET SQL_NOTES=@OLD_SQL_NOTES */;
/*!40101 SET SQL_MODE=@OLD_SQL_MODE */;
/*!40014 SET FOREIGN_KEY_CHECKS=@OLD_FOREIGN_KEY_CHECKS */;
/*!40101 SET CHARACTER_SET_CLIENT=@OLD_CHARACTER_SET_CLIENT */;
/*!40101 SET CHARACTER_SET_RESULTS=@OLD_CHARACTER_SET_RESULTS */;
/*!40101 SET COLLATION_CONNECTION=@OLD_COLLATION_CONNECTION */;
